Id,UserId,Description,Created
1,1,Avatar,2023-09-10T23:48:16
2,1,Upload,2023-09-10T23:48:16
3,2,Avatar,2023-09-11T00:00:40
4,2,Upload,2023-09-11T00:00:40
5,3,Avatar,2023-09-11T00:13:14
6,3,Upload,2023-09-11T00:13:14
7,4,Avatar,2023-09-11T00:15:55
8,4,Upload,2023-09-11T00:15:55
9,5,Avatar,2023-09-11T00:29:22
10,5,Upload,2023-09-11T00:29:22
11,6,Avatar,2023-09-11T00:31:39
12,6,Upload,2023-09-11T00:31:39
13,7,Avatar,2023-09-11T00:37:07
14,7,Upload,2023-09-11T00:37:07
15,8,Avatar,2023-09-11T00:47:57
16,8,Upload,2023-09-11T00:47:57
17,9,Avatar,2023-09-11T00:48:16
18,9,Upload,2023-09-11T00:48:16
19,10,Avatar,2023-09-11T00:50:21
20,10,Upload,2023-09-11T00:50:21
21,11,Avatar,2023-09-11T01:06:52
22,11,Upload,2023-09-11T01:06:52
23,12,Avatar,2023-09-11T01:19:09
24,12,Upload,2023-09-11T01:19:09
25,13,Avatar,2023-09-11T01:32:09
26,13,Upload,2023-09-11T01:32:09
27,14,Avatar,2023-09-11T01:41:20
28,14,Upload,2023-09-11T01:41:20
29,15,Avatar,2023-09-11T01:48:07
30,15,Upload,2023-09-11T01:48:07
31,16,Avatar,2023-09-11T01:51:44
32,16,Upload,2023-09-11T01:51:44
33,17,Avatar,2023-09-11T02:03:40
34,17,Upload,2023-09-11T02:03:40
35,18,Avatar,2023-09-11T02:05:05
36,18,Upload,2023-09-11T02:05:05
37,19,Avatar,2023-09-11T02:21:16
38,19,Upload,2023-09-11T02:21:16
39,20,Avatar,2023-09-11T02:24:57
40,20,Upload,2023-09-11T02:24:57
41,21,Avatar,2023-09-11T02:36:58
42,21,Upload,2023-09-11T02:36:58
43,22,Avatar,2023-09-11T02:52:57
44,22,Upload,2023-09-11T02:52:57
45,23,Avatar,2023-09-11T02:59:02
46,23,Upload,2023-09-11T02:59:02
47,24,Avatar,2023-09-11T03:07:05
48,24,Upload,2023-09-11T03:07:05
49,25,Avatar,2023-09-11T03:12:35
50,25,Upload,2023-09-11T03:12:35
51,26,Avatar,2023-09-11T03:19:29
52,26,Upload,2023-09-11T03:19:29
53,27,Avatar,2023-09-11T03:31:47
54,27,Upload,2023-09-11T03:31:47
55,28,Avatar,2023-09-11T03:40:33
56,28,Upload,2023-09-11T03:40:33
57,29,Avatar,2023-09-11T03:44:57
58,29,Upload,2023-09-11T03:44:57
59,30,Avatar,2023-09-11T03:55:48
60,30,Upload,2023-09-11T03:55:48
61,31,Avatar,2023-09-11T04:10:21
62,31,Upload,2023-09-11T04:10:21
63,32,Avatar,2023-09-11T04:15:12
64,32,Upload,2023-09-11T04:15:12
65,33,Avatar,2023-09-11T04:25:03
66,33,Upload,2023-09-11T04:25:03
67,34,Avatar,2023-09-11T04:34:10
68,34,Upload,2023-09-11T04:34:10
69,35,Avatar,2023-09-11T04:48:06
70,35,Upload,2023-09-11T04:48:06
71,36,Avatar,2023-09-11T04:54:26
72,36,Upload,2023-09-11T04:54:26
73,37,Avatar,2023-09-11T05:03:31
74,37,Upload,2023-09-11T05:03:31
75,38,Avatar,2023-09-11T05:17:41
76,38,Upload,2023-09-11T05:17:41
77,39,Avatar,2023-09-11T05:28:26
78,39,Upload,2023-09-11T05:28:26
79,40,Avatar,2023-09-11T05:40:03
80,40,Upload,2023-09-11T05:40:03
81,41,Avatar,2023-09-11T05:45:45
82,41,Upload,2023-09-11T05:45:45
83,42,Avatar,2023-09-11T05:56:35
84,42,Upload,2023-09-11T05:56:35
85,43,Avatar,2023-09-11T06:03:43
86,43,Upload,2023-09-11T06:03:43
87,44,Avatar,2023-09-11T06:03:51
88,44,Upload,2023-09-11T06:03:51
89,45,Avatar,2023-09-11T06:05:17
90,45,Upload,2023-09-11T06:05:17
91,46,Avatar,2023-09-11T06:19:49
92,46,Upload,2023-09-11T06:19:49
93,47,Avatar,2023-09-11T06:24:32
94,47,Upload,2023-09-11T06:24:32
95,48,Avatar,2023-09-11T06:36:46
96,48,Upload,2023-09-11T06:36:46
97,49,Avatar,2023-09-11T06:52:18
98,49,Upload,2023-09-11T06:52:18
99,50,Avatar,2023-09-11T07:04:57
100,50,Upload,2023-09-11T07:04:57
101,51,Avatar,2023-09-11T07:05:59
102,51,Upload,2023-09-11T07:05:59
103,52,Avatar,2023-09-11T07:20:23
104,52,Upload,2023-09-11T07:20:23
105,53,Avatar,2023-09-11T07:34:44
106,53,Upload,2023-09-11T07:34:44
107,54,Avatar,2023-09-11T07:43:41
108,54,Upload,2023-09-11T07:43:41
109,55,Avatar,2023-09-11T07:47:36
110,55,Upload,2023-09-11T07:47:36
111,56,Avatar,2023-09-11T07:52:40
112,56,Upload,2023-09-11T07:52:40
113,57,Avatar,2023-09-11T07:58:27
114,57,Upload,2023-09-11T07:58:27
115,58,Avatar,2023-09-11T08:15:07
116,58,Upload,2023-09-11T08:15:07
117,59,Avatar,2023-09-11T08:19:23
118,59,Upload,2023-09-11T08:19:23
119,60,Avatar,2023-09-11T08:24:26
120,60,Upload,2023-09-11T08:24:26
121,61,Avatar,2023-09-11T08:24:32
122,61,Upload,2023-09-11T08:24:32
123,62,Avatar,2023-09-11T08:36:42
124,62,Upload,2023-09-11T08:36:42
125,63,Avatar,2023-09-11T08:46:27
126,63,Upload,2023-09-11T08:46:27
127,64,Avatar,2023-09-11T08:52:32
128,64,Upload,2023-09-11T08:52:32
129,65,Avatar,2023-09-11T08:59:58
130,65,Upload,2023-09-11T08:59:58
131,66,Avatar,2023-09-11T09:06:36
132,66,Upload,2023-09-11T09:06:36
133,67,Avatar,2023-09-11T09:08:44
134,67,Upload,2023-09-11T09:08:44
135,68,Avatar,2023-09-11T09:11:51
136,68,Upload,2023-09-11T09:11:51
137,69,Avatar,2023-09-11T09:24:06
138,69,Upload,2023-09-11T09:24:06
139,70,Avatar,2023-09-11T09:39:45
140,70,Upload,2023-09-11T09:39:45
141,71,Avatar,2023-09-11T09:47:37
142,71,Upload,2023-09-11T09:47:37
143,72,Avatar,2023-09-11T09:49:27
144,72,Upload,2023-09-11T09:49:27
145,73,Avatar,2023-09-11T09:57:34
146,73,Upload,2023-09-11T09:57:34
147,74,Avatar,2023-09-11T10:10:36
148,74,Upload,2023-09-11T10:10:36
149,75,Avatar,2023-09-11T10:17:42
150,75,Upload,2023-09-11T10:17:42
151,76,Avatar,2023-09-11T10:34:01
152,76,Upload,2023-09-11T10:34:01
153,77,Avatar,2023-09-11T10:37:49
154,77,Upload,2023-09-11T10:37:49
155,78,Avatar,2023-09-11T10:50:44
156,78,Upload,2023-09-11T10:50:44
157,79,Avatar,2023-09-11T10:59:54
158,79,Upload,2023-09-11T10:59:54
159,80,Avatar,2023-09-11T11:04:05
160,80,Upload,2023-09-11T11:04:05
161,81,Avatar,2023-09-11T11:04:44
162,81,Upload,2023-09-11T11:04:44
163,82,Avatar,2023-09-11T11:08:00
164,82,Upload,2023-09-11T11:08:00
165,83,Avatar,2023-09-11T11:18:49
166,83,Upload,2023-09-11T11:18:49
167,84,Avatar,2023-09-11T11:31:29
168,84,Upload,2023-09-11T11:31:29
169,85,Avatar,2023-09-11T11:32:40
170,85,Upload,2023-09-11T11:32:40
171,86,Avatar,2023-09-11T11:44:37
172,86,Upload,2023-09-11T11:44:37
173,87,Avatar,2023-09-11T11:56:52
174,87,Upload,2023-09-11T11:56:52
175,88,Avatar,2023-09-11T11:57:17
176,88,Upload,2023-09-11T11:57:17
177,89,Avatar,2023-09-11T11:57:57
178,89,Upload,2023-09-11T11:57:57
179,90,Avatar,2023-09-11T12:08:51
180,90,Upload,2023-09-11T12:08:51
181,91,Avatar,2023-09-11T12:10:15
182,91,Upload,2023-09-11T12:10:15
183,92,Avatar,2023-09-11T12:20:12
184,92,Upload,2023-09-11T12:20:12
185,93,Avatar,2023-09-11T12:27:45
186,93,Upload,2023-09-11T12:27:45
187,94,Avatar,2023-09-11T12:40:07
188,94,Upload,2023-09-11T12:40:07
189,95,Avatar,2023-09-11T12:50:07
190,95,Upload,2023-09-11T12:50:07
191,96,Avatar,2023-09-11T13:04:50
192,96,Upload,2023-09-11T13:04:50
193,97,Avatar,2023-09-11T13:14:19
194,97,Upload,2023-09-11T13:14:19
195,98,Avatar,2023-09-11T13:23:15
196,98,Upload,2023-09-11T13:23:15
197,99,Avatar,2023-09-11T13:26:56
198,99,Upload,2023-09-11T13:26:56
199,100,Avatar,2023-09-12T16:19:02
200,100,Upload,2023-09-12T16:19:02
201,101,Avatar,2023-09-14T18:19:25
202,101,Upload,2023-09-14T18:19:25
203,102,Avatar,2023-09-15T00:33:40
204,102,Upload,2023-09-15T00:33:40
205,103,Avatar,2023-09-15T23:35:23
206,103,Upload,2023-09-15T23:35:23
207,104,Avatar,2023-09-16T02:29:15
208,104,Upload,2023-09-16T02:29:15
