Id,UserId,Type,Created,FromUserId,PostId,CmtId
2,1,cmt,2023-09-11T13:54:54,29,2,2
5,1,cmt,2023-09-11T14:19:00,43,2,5
54,1,cmt,2023-09-12T01:08:58,55,2,53
62,1,cmt,2023-09-12T03:47:15,35,2,64
67,1,request,2023-09-12T04:22:56,84,0,0
84,1,cmt,2023-09-12T07:08:05,84,2,82
93,1,request,2023-09-12T09:02:41,38,0,0
112,1,cmt,2023-09-12T11:14:59,84,2,107
235,1,cmt,2023-09-13T04:23:17,84,2,233
239,1,cmt,2023-09-13T05:19:27,84,2,238
262,1,cmt,2023-09-13T08:11:59,84,2,263
298,1,cmt,2023-09-13T12:53:42,84,2,305
319,1,cmt,2023-09-13T14:55:30,38,2,327
363,1,cmt,2023-09-13T19:58:36,38,2,377
399,1,cmt,2023-09-13T23:19:43,84,2,420
401,1,cmt,2023-09-13T23:37:56,84,2,422
517,1,cmt,2023-09-14T11:03:24,84,2,565
569,1,cmt,2023-09-14T15:49:56,84,2,627
583,1,cmt,2023-09-14T17:21:24,84,64,647
608,1,cmt,2023-09-14T19:21:32,84,2,676
644,1,cmt,2023-09-14T22:54:08,38,64,720
733,1,cmt,2023-09-15T06:45:49,84,2,824
778,1,cmt,2023-09-15T11:56:34,84,64,888
791,1,cmt,2023-09-15T12:59:15,84,64,903
935,1,cmt,2023-09-15T23:27:47,84,2,1067
977,1,cmt,2023-09-16T03:12:20,38,64,1122
1086,1,cmt,2023-09-16T11:59:07,38,2,1253
1129,1,cmt,2023-09-16T16:44:16,84,2,1322
13,2,cmt,2023-09-11T16:01:47,63,1,14
22,2,cmt,2023-09-11T18:43:40,7,1,23
28,2,request,2023-09-11T19:46:43,91,0,0
86,2,cmt,2023-09-12T07:53:30,91,1,85
101,2,cmt,2023-09-12T09:49:14,91,1,95
138,2,cmt,2023-09-12T15:38:25,91,1,129
142,2,cmt,2023-09-12T16:51:33,91,1,137
169,2,cmt,2023-09-12T20:30:17,91,1,167
241,2,cmt,2023-09-13T05:51:48,91,1,240
349,2,cmt,2023-09-13T17:59:32,91,1,357
397,2,cmt,2023-09-13T23:18:08,91,1,418
431,2,cmt,2023-09-14T02:36:40,91,1,457
525,2,cmt,2023-09-14T11:37:30,91,1,572
679,2,cmt,2023-09-15T01:55:03,91,62,760
719,2,cmt,2023-09-15T05:06:33,91,62,807
761,2,cmt,2023-09-15T09:55:02,91,62,865
788,2,cmt,2023-09-15T12:55:16,91,62,897
795,2,request,2023-09-15T13:17:56,25,0,0
830,2,cmt,2023-09-15T16:21:12,91,1,947
872,2,request,2023-09-15T19:41:19,98,0,0
901,2,cmt,2023-09-15T21:38:01,98,1,1031
909,2,cmt,2023-09-15T22:00:18,25,62,1039
974,2,cmt,2023-09-16T02:56:09,91,62,1118
1006,2,cmt,2023-09-16T05:06:18,98,62,1154
1054,2,cmt,2023-09-16T09:10:25,91,62,1214
1138,2,cmt,2023-09-16T17:14:26,25,1,1334
10,3,cmt,2023-09-11T15:09:14,51,9,11
44,3,accept,2023-09-11T23:33:56,66,0,0
61,3,cmt,2023-09-12T03:31:58,66,21,63
111,3,cmt,2023-09-12T11:09:00,66,9,106
137,3,cmt,2023-09-12T15:37:03,66,9,128
180,3,cmt,2023-09-12T21:58:21,66,21,175
256,3,cmt,2023-09-13T07:31:06,66,9,256
266,3,cmt,2023-09-13T08:44:36,66,21,268
383,3,cmt,2023-09-13T21:26:05,66,21,400
440,3,accept,2023-09-14T03:17:48,28,0,0
448,3,cmt,2023-09-14T04:13:51,66,9,473
451,3,cmt,2023-09-14T04:29:24,66,9,476
470,3,cmt,2023-09-14T07:02:15,66,9,506
535,3,cmt,2023-09-14T12:39:27,28,9,586
550,3,cmt,2023-09-14T14:48:03,66,21,611
639,3,cmt,2023-09-14T22:09:46,28,21,711
739,3,cmt,2023-09-15T07:18:35,66,21,832
755,3,cmt,2023-09-15T09:14:02,28,21,857
856,3,cmt,2023-09-15T18:14:59,66,21,979
1128,3,cmt,2023-09-16T16:39:47,28,21,1321
273,4,accept,2023-09-13T09:13:55,11,0,0
801,4,request,2023-09-15T13:48:52,101,0,0
1013,4,request,2023-09-16T06:11:35,7,0,0
328,5,request,2023-09-13T15:56:29,8,0,0
741,5,cmt,2023-09-15T07:36:49,8,71,836
748,5,cmt,2023-09-15T08:08:09,8,71,846
815,5,cmt,2023-09-15T14:53:04,8,71,926
861,5,request,2023-09-15T18:55:35,85,0,0
870,5,cmt,2023-09-15T19:34:19,85,71,994
914,5,accept,2023-09-15T22:12:11,76,0,0
932,5,cmt,2023-09-15T23:20:39,8,71,1063
1068,5,cmt,2023-09-16T10:41:08,85,71,1238
191,6,accept,2023-09-12T22:38:09,11,0,0
308,6,accept,2023-09-13T14:06:20,49,0,0
485,6,cmt,2023-09-14T08:37:19,49,57,528
499,6,cmt,2023-09-14T09:39:05,49,57,548
631,6,request,2023-09-14T21:31:37,50,0,0
633,6,cmt,2023-09-14T21:40:46,49,57,705
638,6,cmt,2023-09-14T22:04:16,50,57,710
643,6,cmt,2023-09-14T22:52:10,49,57,718
705,6,cmt,2023-09-15T03:51:27,49,57,786
775,6,cmt,2023-09-15T11:32:02,49,57,882
779,6,cmt,2023-09-15T12:09:58,49,57,890
877,6,cmt,2023-09-15T19:49:23,49,57,1000
880,6,cmt,2023-09-15T20:08:25,49,57,1005
907,6,cmt,2023-09-15T21:58:24,50,57,1037
933,6,cmt,2023-09-15T23:25:18,50,57,1064
990,6,cmt,2023-09-16T04:05:59,49,57,1138
1084,6,cmt,2023-09-16T11:53:07,11,57,1250
1,7,cmt,2023-09-11T13:33:25,12,10,1
8,7,cmt,2023-09-11T15:03:54,71,10,8
24,7,cmt,2023-09-11T19:06:08,69,10,26
145,7,cmt,2023-09-12T17:31:08,39,10,141
166,7,cmt,2023-09-12T20:09:06,61,10,164
221,7,cmt,2023-09-13T02:50:12,24,31,218
250,7,request,2023-09-13T06:55:57,91,0,0
265,7,cmt,2023-09-13T08:44:29,59,10,267
275,7,cmt,2023-09-13T09:55:06,54,31,278
293,7,cmt,2023-09-13T11:52:02,93,31,300
334,7,cmt,2023-09-13T16:27:48,82,31,340
388,7,cmt,2023-09-13T21:58:46,24,31,406
405,7,cmt,2023-09-14T00:18:24,88,10,427
456,7,cmt,2023-09-14T05:19:11,27,10,487
507,7,cmt,2023-09-14T10:28:23,36,31,556
540,7,cmt,2023-09-14T13:38:01,51,10,592
645,7,cmt,2023-09-14T22:58:19,86,66,721
678,7,cmt,2023-09-15T01:54:00,92,66,759
756,7,cmt,2023-09-15T09:21:29,18,31,858
770,7,cmt,2023-09-15T10:31:41,55,66,874
918,7,cmt,2023-09-15T22:28:11,98,66,1047
988,7,cmt,2023-09-16T03:53:29,54,66,1136
1056,7,cmt,2023-09-16T09:17:15,36,31,1216
1081,7,cmt,2023-09-16T11:42:25,47,66,1246
1152,7,cmt,2023-09-16T18:17:33,89,31,1353
329,8,accept,2023-09-13T15:56:29,5,0,0
506,8,accept,2023-09-14T10:02:03,87,0,0
848,8,request,2023-09-15T17:33:55,2,0,0
40,9,cmt,2023-09-11T22:12:03,21,16,37
74,9,cmt,2023-09-12T05:41:48,93,16,73
107,9,cmt,2023-09-12T10:37:52,70,16,103
123,9,cmt,2023-09-12T12:33:20,80,16,116
148,9,cmt,2023-09-12T17:53:16,71,16,142
196,9,cmt,2023-09-12T23:14:58,74,16,190
230,9,cmt,2023-09-13T04:00:19,32,16,228
283,9,cmt,2023-09-13T11:02:43,86,16,289
314,9,cmt,2023-09-13T14:24:04,53,16,320
346,9,cmt,2023-09-13T17:44:17,42,16,352
362,9,cmt,2023-09-13T19:55:35,99,16,376
393,9,cmt,2023-09-13T22:58:49,82,16,413
398,9,cmt,2023-09-13T23:18:54,58,16,419
422,9,cmt,2023-09-14T01:52:46,94,16,447
469,9,cmt,2023-09-14T06:57:59,70,54,505
491,9,cmt,2023-09-14T09:08:51,28,54,536
568,9,cmt,2023-09-14T15:35:30,58,54,625
587,9,accept,2023-09-14T17:28:15,37,0,0
594,9,cmt,2023-09-14T18:03:16,37,16,658
600,9,cmt,2023-09-14T18:30:31,37,54,667
652,9,cmt,2023-09-14T23:28:34,37,54,729
754,9,cmt,2023-09-15T09:07:34,37,54,855
767,9,cmt,2023-09-15T10:21:27,37,54,871
783,9,cmt,2023-09-15T12:45:32,37,54,895
810,9,cmt,2023-09-15T14:40:21,37,16,923
846,9,cmt,2023-09-15T17:28:30,37,54,965
885,9,cmt,2023-09-15T20:24:16,37,16,1010
890,9,cmt,2023-09-15T20:37:58,37,54,1015
959,9,cmt,2023-09-16T01:49:10,37,16,1101
964,9,cmt,2023-09-16T02:07:00,37,54,1105
1020,9,accept,2023-09-16T06:34:37,103,0,0
264,10,request,2023-09-13T08:32:00,8,0,0
664,10,request,2023-09-15T00:33:09,70,0,0
1101,10,cmt,2023-09-16T13:23:31,70,86,1281
1118,10,cmt,2023-09-16T15:38:09,70,86,1306
1139,10,cmt,2023-09-16T17:37:11,70,86,1336
1146,10,cmt,2023-09-16T17:55:29,70,86,1343
190,11,request,2023-09-12T22:38:09,6,0,0
272,11,request,2023-09-13T09:13:55,4,0,0
4,12,cmt,2023-09-11T14:15:20,10,5,4
7,12,cmt,2023-09-11T14:29:18,18,5,7
16,12,cmt,2023-09-11T17:41:02,23,5,18
42,12,cmt,2023-09-11T23:24:33,86,4,40
45,12,cmt,2023-09-11T23:42:20,68,5,42
51,12,cmt,2023-09-12T00:51:07,53,5,50
65,12,cmt,2023-09-12T04:00:43,16,5,65
125,12,request,2023-09-12T13:24:22,89,0,0
133,12,cmt,2023-09-12T14:41:40,89,4,122
135,12,cmt,2023-09-12T15:07:18,89,5,124
154,12,cmt,2023-09-12T18:43:29,89,4,151
163,12,cmt,2023-09-12T19:39:43,89,4,160
164,12,cmt,2023-09-12T19:52:35,89,4,161
185,12,cmt,2023-09-12T22:21:35,89,5,181
202,12,cmt,2023-09-13T00:02:44,89,5,195
224,12,cmt,2023-09-13T03:19:36,89,36,221
253,12,cmt,2023-09-13T07:25:10,89,5,254
270,12,cmt,2023-09-13T09:06:57,89,36,274
276,12,cmt,2023-09-13T09:56:25,89,5,279
301,12,cmt,2023-09-13T13:21:51,89,36,308
302,12,cmt,2023-09-13T13:22:46,89,36,309
312,12,cmt,2023-09-13T14:17:21,89,36,318
490,12,cmt,2023-09-14T09:07:51,89,5,535
551,12,cmt,2023-09-14T14:49:12,89,36,612
578,12,cmt,2023-09-14T16:57:26,89,5,641
595,12,cmt,2023-09-14T18:05:22,89,5,659
602,12,cmt,2023-09-14T18:38:59,89,36,669
667,12,cmt,2023-09-15T00:54:28,89,5,748
694,12,cmt,2023-09-15T03:06:54,89,4,777
706,12,cmt,2023-09-15T03:53:48,89,5,787
975,12,cmt,2023-09-16T02:59:20,89,5,1120
1057,12,cmt,2023-09-16T09:31:21,89,5,1218
1109,12,cmt,2023-09-16T14:11:44,89,4,1293
1134,12,cmt,2023-09-16T17:00:36,89,87,1330
226,14,cmt,2023-09-13T03:34:07,48,37,224
242,14,cmt,2023-09-13T05:57:11,95,37,241
324,14,cmt,2023-09-13T15:44:23,79,37,332
406,14,cmt,2023-09-14T00:25:30,56,47,429
411,14,cmt,2023-09-14T00:50:47,55,51,433
654,14,cmt,2023-09-14T23:36:33,26,51,731
666,14,cmt,2023-09-15T00:40:29,68,51,746
673,14,cmt,2023-09-15T01:25:28,31,47,755
693,14,cmt,2023-09-15T02:52:07,60,51,776
712,14,cmt,2023-09-15T04:24:51,99,47,797
716,14,request,2023-09-15T04:55:39,79,0,0
723,14,cmt,2023-09-15T05:32:32,79,46,812
729,14,cmt,2023-09-15T06:23:27,79,46,820
794,14,cmt,2023-09-15T13:10:40,79,47,908
800,14,cmt,2023-09-15T13:44:48,79,51,915
813,14,cmt,2023-09-15T14:43:53,79,51,924
850,14,cmt,2023-09-15T17:45:52,79,51,968
868,14,cmt,2023-09-15T19:21:33,79,51,991
883,14,cmt,2023-09-15T20:19:34,79,51,1008
940,14,cmt,2023-09-16T00:07:34,79,37,1072
969,14,cmt,2023-09-16T02:34:34,79,51,1111
1012,14,cmt,2023-09-16T06:03:54,79,47,1167
1049,14,cmt,2023-09-16T08:58:47,79,51,1208
1058,14,cmt,2023-09-16T09:32:56,79,51,1219
1070,14,cmt,2023-09-16T10:58:54,79,51,1240
9,15,cmt,2023-09-11T15:05:35,56,3,9
30,15,cmt,2023-09-11T19:57:55,77,3,30
38,15,cmt,2023-09-11T22:01:10,78,3,36
114,15,cmt,2023-09-12T11:47:07,18,3,109
117,15,cmt,2023-09-12T12:02:07,74,3,111
118,15,cmt,2023-09-12T12:08:57,84,3,112
152,15,cmt,2023-09-12T18:17:42,54,3,148
167,15,cmt,2023-09-12T20:19:23,55,3,165
203,15,cmt,2023-09-13T00:09:44,18,3,197
207,15,request,2023-09-13T00:29:59,40,0,0
217,15,cmt,2023-09-13T02:15:30,23,3,212
277,15,cmt,2023-09-13T10:02:34,30,3,280
366,15,cmt,2023-09-13T20:10:47,34,3,382
382,15,cmt,2023-09-13T21:23:26,23,3,399
423,15,cmt,2023-09-14T01:54:16,6,3,448
441,15,cmt,2023-09-14T03:21:21,19,3,466
606,15,cmt,2023-09-14T19:09:32,37,3,674
624,15,cmt,2023-09-14T20:42:09,43,63,693
660,15,cmt,2023-09-15T00:03:47,18,3,739
669,15,request,2023-09-15T01:05:15,33,0,0
698,15,cmt,2023-09-15T03:14:58,62,63,779
737,15,cmt,2023-09-15T07:00:51,60,63,828
819,15,cmt,2023-09-15T15:24:54,60,63,934
843,15,cmt,2023-09-15T17:18:57,23,63,961
855,15,cmt,2023-09-15T18:13:25,7,63,978
887,15,cmt,2023-09-15T20:26:47,102,63,1012
970,15,cmt,2023-09-16T02:36:54,45,63,1112
991,15,cmt,2023-09-16T04:08:39,66,3,1139
1093,15,cmt,2023-09-16T12:52:27,71,3,1272
1100,15,accept,2023-09-16T13:22:39,81,0,0
1106,15,cmt,2023-09-16T13:51:23,81,63,1289
18,16,cmt,2023-09-11T18:12:58,48,11,20
19,16,cmt,2023-09-11T18:13:53,33,11,21
25,16,cmt,2023-09-11T19:07:00,96,11,27
27,16,request,2023-09-11T19:44:18,71,0,0
70,16,cmt,2023-09-12T04:51:45,54,20,69
103,16,cmt,2023-09-12T10:00:40,52,20,98
212,16,request,2023-09-13T02:02:54,35,0,0
369,16,cmt,2023-09-13T20:20:44,35,38,385
380,16,cmt,2023-09-13T21:18:18,35,20,397
381,16,cmt,2023-09-13T21:21:10,35,38,398
412,16,cmt,2023-09-14T00:52:24,35,20,434
415,16,cmt,2023-09-14T01:09:18,35,38,438
433,16,cmt,2023-09-14T02:52:45,35,38,460
483,16,cmt,2023-09-14T08:27:18,35,38,525
496,16,cmt,2023-09-14T09:26:23,35,38,544
534,16,cmt,2023-09-14T12:38:08,35,20,585
541,16,cmt,2023-09-14T13:40:17,35,20,594
563,16,cmt,2023-09-14T15:17:20,35,11,620
610,16,cmt,2023-09-14T19:28:37,35,20,678
621,16,cmt,2023-09-14T20:17:25,35,38,689
634,16,cmt,2023-09-14T21:42:36,35,11,706
793,16,cmt,2023-09-15T13:07:51,35,38,907
889,16,cmt,2023-09-15T20:35:41,35,20,1014
926,16,cmt,2023-09-15T22:58:48,35,20,1056
1035,16,cmt,2023-09-16T07:55:03,35,20,1193
1038,16,cmt,2023-09-16T08:06:28,35,20,1197
1053,16,cmt,2023-09-16T09:06:08,35,38,1212
1127,16,cmt,2023-09-16T16:18:20,35,20,1318
1021,17,cmt,2023-09-16T06:35:29,37,85,1172
1055,17,cmt,2023-09-16T09:16:20,6,85,1215
1121,17,request,2023-09-16T15:55:43,98,0,0
518,18,request,2023-09-14T11:09:26,28,0,0
852,18,cmt,2023-09-15T17:55:29,28,76,974
865,18,cmt,2023-09-15T19:06:52,28,76,987
983,18,cmt,2023-09-16T03:32:04,28,76,1130
1027,18,cmt,2023-09-16T06:53:02,28,76,1181
1114,18,cmt,2023-09-16T15:14:59,28,76,1303
15,19,accept,2023-09-11T16:14:48,89,0,0
193,19,cmt,2023-09-12T22:50:40,89,27,185
208,19,cmt,2023-09-13T00:32:18,89,27,202
294,19,cmt,2023-09-13T11:52:47,89,27,301
311,19,cmt,2023-09-13T14:15:45,89,27,317
345,19,cmt,2023-09-13T17:38:16,89,27,350
368,19,cmt,2023-09-13T20:13:59,89,27,384
402,19,request,2023-09-13T23:56:06,53,0,0
424,19,cmt,2023-09-14T02:00:22,53,27,449
425,19,cmt,2023-09-14T02:03:49,53,27,451
461,19,cmt,2023-09-14T05:50:00,53,27,494
613,19,cmt,2023-09-14T19:36:52,53,27,682
616,19,cmt,2023-09-14T19:57:19,53,27,686
691,19,cmt,2023-09-15T02:45:19,53,27,774
772,19,cmt,2023-09-15T10:45:45,53,27,877
867,19,cmt,2023-09-15T19:20:39,89,27,990
886,19,cmt,2023-09-15T20:25:44,89,27,1011
912,19,cmt,2023-09-15T22:10:26,53,27,1043
1008,19,cmt,2023-09-16T05:32:40,53,72,1159
1014,19,cmt,2023-09-16T06:22:37,89,27,1168
1029,19,cmt,2023-09-16T07:03:47,89,27,1184
281,20,cmt,2023-09-13T10:39:14,62,40,282
385,20,cmt,2023-09-13T21:38:42,67,40,402
438,20,cmt,2023-09-14T03:02:10,66,40,464
446,20,cmt,2023-09-14T03:55:07,9,40,471
465,20,cmt,2023-09-14T06:26:22,79,40,500
473,20,cmt,2023-09-14T07:11:49,69,40,510
538,20,cmt,2023-09-14T13:17:21,3,40,590
562,20,cmt,2023-09-14T15:09:05,25,40,619
567,20,cmt,2023-09-14T15:32:16,2,40,624
637,20,cmt,2023-09-14T21:53:25,69,40,709
670,20,request,2023-09-15T01:06:19,86,0,0
692,20,cmt,2023-09-15T02:48:06,21,40,775
875,20,cmt,2023-09-15T19:44:08,74,40,998
1047,20,cmt,2023-09-16T08:51:22,78,40,1206
1125,20,cmt,2023-09-16T16:03:25,99,40,1314
1126,20,cmt,2023-09-16T16:16:56,15,40,1317
1153,20,request,2023-09-16T18:19:38,64,0,0
197,21,request,2023-09-12T23:31:12,45,0,0
434,21,request,2023-09-14T02:53:00,78,0,0
973,21,cmt,2023-09-16T02:55:51,78,80,1117
1046,21,cmt,2023-09-16T08:51:06,45,80,1205
1085,21,cmt,2023-09-16T11:58:33,78,80,1252
1096,21,cmt,2023-09-16T13:08:56,78,80,1276
1145,21,cmt,2023-09-16T17:54:57,78,80,1342
17,23,cmt,2023-09-11T17:52:56,71,15,19
59,23,cmt,2023-09-12T03:19:08,7,15,61
66,23,cmt,2023-09-12T04:08:57,59,15,66
83,23,cmt,2023-09-12T06:43:49,16,15,79
109,23,cmt,2023-09-12T10:47:09,95,15,105
122,23,request,2023-09-12T12:32:59,21,0,0
161,23,request,2023-09-12T19:30:13,96,0,0
165,23,cmt,2023-09-12T20:03:42,96,15,163
179,23,cmt,2023-09-12T21:36:00,96,15,174
183,23,cmt,2023-09-12T22:10:01,96,15,178
321,23,cmt,2023-09-13T15:13:09,96,45,330
331,23,cmt,2023-09-13T16:15:45,96,15,337
413,23,cmt,2023-09-14T01:03:12,96,15,436
488,23,request,2023-09-14T08:51:51,40,0,0
493,23,cmt,2023-09-14T09:16:41,96,59,538
557,23,cmt,2023-09-14T15:01:06,96,59,617
776,23,cmt,2023-09-15T11:41:17,96,59,884
834,23,cmt,2023-09-15T16:48:16,96,45,952
908,23,cmt,2023-09-15T21:59:44,96,59,1038
943,23,cmt,2023-09-16T00:15:41,96,45,1075
994,23,cmt,2023-09-16T04:29:08,96,59,1144
1002,23,request,2023-09-16T04:49:24,23,0,0
1003,23,accept,2023-09-16T04:49:24,23,0,0
1005,23,cmt,2023-09-16T05:03:26,23,59,1153
1150,23,cmt,2023-09-16T18:07:33,23,59,1351
147,24,accept,2023-09-12T17:39:57,30,0,0
296,25,request,2023-09-13T12:40:24,90,0,0
419,25,cmt,2023-09-14T01:32:19,87,48,442
443,25,accept,2023-09-14T03:22:37,79,0,0
453,25,cmt,2023-09-14T04:55:49,79,48,481
474,25,cmt,2023-09-14T07:11:58,79,48,511
476,25,cmt,2023-09-14T07:29:20,79,48,513
529,25,cmt,2023-09-14T11:56:50,79,48,578
629,25,cmt,2023-09-14T21:17:21,79,48,700
702,25,cmt,2023-09-15T03:41:05,79,48,783
707,25,cmt,2023-09-15T03:54:34,79,48,788
710,25,cmt,2023-09-15T04:17:05,79,48,794
721,25,cmt,2023-09-15T05:28:08,79,48,810
782,25,cmt,2023-09-15T12:31:52,79,48,894
796,25,accept,2023-09-15T13:17:56,2,0,0
826,25,cmt,2023-09-15T16:14:16,79,48,944
866,25,cmt,2023-09-15T19:09:23,2,48,988
906,25,cmt,2023-09-15T21:49:45,2,48,1036
947,25,cmt,2023-09-16T00:25:48,79,48,1080
1059,25,cmt,2023-09-16T09:35:23,2,48,1220
1111,25,cmt,2023-09-16T14:21:17,79,48,1295
1158,25,cmt,2023-09-16T18:25:19,2,48,1356
1073,26,request,2023-09-16T11:23:14,59,0,0
1023,27,request,2023-09-16T06:47:08,29,0,0
144,28,cmt,2023-09-12T17:24:49,19,25,140
172,28,cmt,2023-09-12T21:01:35,46,25,170
187,28,cmt,2023-09-12T22:33:55,100,25,183
233,28,cmt,2023-09-13T04:10:14,18,25,231
284,28,cmt,2023-09-13T11:04:21,86,25,290
325,28,cmt,2023-09-13T15:45:33,78,25,333
354,28,cmt,2023-09-13T18:58:56,66,25,364
390,28,cmt,2023-09-13T22:29:14,80,25,410
439,28,request,2023-09-14T03:17:48,3,0,0
519,28,accept,2023-09-14T11:09:26,18,0,0
575,28,cmt,2023-09-14T16:44:05,3,25,635
589,28,cmt,2023-09-14T17:38:31,3,25,652
658,28,cmt,2023-09-14T23:53:48,18,25,737
681,28,cmt,2023-09-15T01:59:22,3,25,762
751,28,cmt,2023-09-15T08:21:10,3,25,850
762,28,cmt,2023-09-15T09:56:38,3,25,866
892,28,cmt,2023-09-15T20:50:58,3,25,1021
1018,28,request,2023-09-16T06:31:53,33,0,0
1097,28,cmt,2023-09-16T13:12:43,18,25,1277
1104,28,cmt,2023-09-16T13:39:46,18,25,1285
967,29,request,2023-09-16T02:18:45,43,0,0
1024,29,accept,2023-09-16T06:47:08,27,0,0
146,30,request,2023-09-12T17:39:57,24,0,0
900,30,request,2023-09-15T21:33:19,79,0,0
979,30,request,2023-09-16T03:24:41,69,0,0
248,31,request,2023-09-13T06:37:07,49,0,0
556,31,accept,2023-09-14T15:00:20,93,0,0
965,32,request,2023-09-16T02:08:16,84,0,0
181,33,cmt,2023-09-12T22:05:54,59,29,176
209,33,cmt,2023-09-13T00:50:25,39,29,204
232,33,cmt,2023-09-13T04:08:20,75,29,230
251,33,cmt,2023-09-13T07:05:10,22,29,251
309,33,cmt,2023-09-13T14:13:18,85,29,315
347,33,cmt,2023-09-13T17:49:58,43,29,353
429,33,cmt,2023-09-14T02:19:22,58,29,454
468,33,cmt,2023-09-14T06:56:12,24,29,504
482,33,cmt,2023-09-14T08:23:56,93,29,524
531,33,cmt,2023-09-14T12:02:25,63,29,580
596,33,cmt,2023-09-14T18:13:55,52,29,662
612,33,cmt,2023-09-14T19:35:15,101,29,681
653,33,cmt,2023-09-14T23:31:31,76,29,730
920,33,request,2023-09-15T22:34:45,81,0,0
997,33,cmt,2023-09-16T04:35:55,81,29,1147
1009,33,cmt,2023-09-16T05:34:46,81,29,1160
1016,33,cmt,2023-09-16T06:27:21,81,29,1170
1102,33,cmt,2023-09-16T13:34:55,81,29,1283
1119,33,cmt,2023-09-16T15:43:34,81,29,1309
1133,33,cmt,2023-09-16T16:56:02,81,29,1328
344,34,accept,2023-09-13T17:26:31,51,0,0
827,34,request,2023-09-15T16:14:56,81,0,0
6,35,cmt,2023-09-11T14:28:52,65,6,6
53,35,cmt,2023-09-12T01:01:38,96,6,52
56,35,cmt,2023-09-12T02:12:14,80,6,58
82,35,cmt,2023-09-12T06:42:32,89,6,78
213,35,accept,2023-09-13T02:02:54,16,0,0
285,35,cmt,2023-09-13T11:05:19,16,6,291
350,35,cmt,2023-09-13T18:01:59,16,6,358
364,35,cmt,2023-09-13T20:03:03,16,6,379
410,35,cmt,2023-09-14T00:44:52,16,6,432
495,35,cmt,2023-09-14T09:21:55,16,6,543
545,35,cmt,2023-09-14T14:18:35,16,6,601
604,35,cmt,2023-09-14T19:01:33,16,6,671
625,35,cmt,2023-09-14T20:47:31,16,6,694
651,35,cmt,2023-09-14T23:27:57,16,68,728
708,35,cmt,2023-09-15T04:03:19,16,68,789
753,35,cmt,2023-09-15T08:49:18,16,6,852
758,35,cmt,2023-09-15T09:24:25,16,68,860
804,35,cmt,2023-09-15T14:03:10,16,6,919
853,35,cmt,2023-09-15T18:02:29,16,68,975
948,35,cmt,2023-09-16T00:29:34,16,6,1083
987,35,cmt,2023-09-16T03:50:27,16,68,1135
1001,35,cmt,2023-09-16T04:45:56,16,68,1150
1094,35,cmt,2023-09-16T12:55:08,16,68,1273
12,37,cmt,2023-09-11T15:50:30,39,7,13
79,37,cmt,2023-09-12T06:20:52,24,7,77
115,37,cmt,2023-09-12T11:52:28,99,7,110
140,37,cmt,2023-09-12T16:09:57,84,7,134
210,37,cmt,2023-09-13T01:39:29,80,7,207
234,37,cmt,2023-09-13T04:17:58,53,7,232
249,37,cmt,2023-09-13T06:51:01,75,7,249
261,37,cmt,2023-09-13T08:00:07,9,7,262
288,37,cmt,2023-09-13T11:23:50,48,7,295
348,37,cmt,2023-09-13T17:56:47,84,7,355
377,37,cmt,2023-09-13T21:00:51,29,42,392
416,37,cmt,2023-09-14T01:19:40,13,7,439
510,37,cmt,2023-09-14T10:38:36,70,42,559
566,37,cmt,2023-09-14T15:26:38,37,7,623
586,37,request,2023-09-14T17:28:15,9,0,0
675,37,cmt,2023-09-15T01:38:02,9,42,758
730,37,cmt,2023-09-15T06:27:19,9,42,821
766,37,cmt,2023-09-15T10:15:14,9,42,870
820,37,cmt,2023-09-15T15:41:03,9,42,935
847,37,cmt,2023-09-15T17:29:47,9,42,966
922,37,cmt,2023-09-15T22:34:48,9,42,1049
934,37,cmt,2023-09-15T23:26:18,9,42,1066
937,37,cmt,2023-09-15T23:46:39,9,42,1069
961,37,accept,2023-09-16T01:53:47,77,0,0
1041,37,cmt,2023-09-16T08:16:34,77,42,1200
1140,37,cmt,2023-09-16T17:37:35,77,42,1337
94,38,accept,2023-09-12T09:02:41,1,0,0
158,38,cmt,2023-09-12T19:17:21,1,24,157
237,38,cmt,2023-09-13T05:11:40,1,24,236
322,38,cmt,2023-09-13T15:18:23,1,24,331
330,38,cmt,2023-09-13T16:06:17,1,24,336
335,38,cmt,2023-09-13T16:41:05,1,24,341
359,38,cmt,2023-09-13T19:47:46,1,24,374
394,38,cmt,2023-09-13T23:02:29,1,24,415
395,38,cmt,2023-09-13T23:08:46,1,24,416
464,38,cmt,2023-09-14T06:07:44,1,24,499
501,38,cmt,2023-09-14T09:52:30,1,24,552
516,38,cmt,2023-09-14T10:59:08,1,24,564
552,38,cmt,2023-09-14T14:53:33,1,24,614
561,38,accept,2023-09-14T15:06:06,85,0,0
576,38,cmt,2023-09-14T16:45:01,1,24,636
590,38,request,2023-09-14T17:44:39,38,0,0
591,38,accept,2023-09-14T17:44:39,38,0,0
599,38,cmt,2023-09-14T18:27:43,85,24,666
622,38,cmt,2023-09-14T20:23:02,38,24,691
686,38,cmt,2023-09-15T02:34:25,85,24,769
944,38,cmt,2023-09-16T00:18:00,38,24,1077
1000,38,cmt,2023-09-16T04:45:40,38,83,1149
1160,38,cmt,2023-09-16T18:27:45,38,83,1358
47,39,cmt,2023-09-11T23:48:36,75,17,44
75,39,cmt,2023-09-12T05:45:51,66,17,74
108,39,cmt,2023-09-12T10:43:28,96,17,104
119,39,cmt,2023-09-12T12:10:01,63,17,113
141,39,cmt,2023-09-12T16:15:51,27,17,135
151,39,cmt,2023-09-12T18:12:24,55,17,146
206,39,cmt,2023-09-13T00:17:42,55,17,200
227,39,cmt,2023-09-13T03:34:54,57,17,225
236,39,cmt,2023-09-13T04:35:36,99,17,235
356,39,cmt,2023-09-13T19:06:46,30,17,368
392,39,cmt,2023-09-13T22:39:49,63,17,412
427,39,cmt,2023-09-14T02:08:27,96,17,453
467,39,cmt,2023-09-14T06:55:25,97,53,503
478,39,cmt,2023-09-14T07:35:41,72,17,516
627,39,cmt,2023-09-14T21:08:47,9,53,698
713,39,cmt,2023-09-15T04:37:54,92,53,799
835,39,cmt,2023-09-15T16:52:32,43,53,953
844,39,cmt,2023-09-15T17:24:41,39,53,963
898,39,cmt,2023-09-15T21:26:58,35,53,1029
911,39,cmt,2023-09-15T22:08:04,29,17,1041
1131,39,cmt,2023-09-16T16:49:47,97,17,1325
26,40,cmt,2023-09-11T19:07:56,95,8,28
36,40,cmt,2023-09-11T21:45:40,67,8,35
48,40,cmt,2023-09-12T00:06:02,51,8,45
52,40,cmt,2023-09-12T00:54:52,51,8,51
78,40,cmt,2023-09-12T06:17:21,58,8,76
113,40,cmt,2023-09-12T11:37:54,79,8,108
124,40,cmt,2023-09-12T12:56:59,91,8,117
132,40,accept,2023-09-12T14:27:26,63,0,0
149,40,cmt,2023-09-12T17:58:48,63,8,143
173,40,request,2023-09-12T21:09:30,26,0,0
175,40,cmt,2023-09-12T21:14:50,63,8,172
244,40,accept,2023-09-13T06:12:04,78,0,0
286,40,cmt,2023-09-13T11:16:57,78,8,293
358,40,cmt,2023-09-13T19:40:00,78,8,372
376,40,cmt,2023-09-13T20:55:45,63,8,391
387,40,cmt,2023-09-13T21:51:26,78,8,405
460,40,cmt,2023-09-14T05:49:57,78,8,493
481,40,cmt,2023-09-14T08:11:09,78,8,521
548,40,cmt,2023-09-14T14:36:46,78,8,607
554,40,cmt,2023-09-14T14:57:16,78,8,616
565,40,cmt,2023-09-14T15:24:03,63,8,622
574,40,cmt,2023-09-14T16:38:11,78,8,633
618,40,cmt,2023-09-14T20:11:59,78,8,688
663,40,cmt,2023-09-15T00:25:47,63,8,744
688,40,cmt,2023-09-15T02:42:45,63,8,771
715,40,cmt,2023-09-15T04:54:48,63,8,804
757,40,cmt,2023-09-15T09:23:54,63,8,859
829,40,cmt,2023-09-15T16:15:29,78,8,945
1141,40,cmt,2023-09-16T17:38:56,78,8,1338
35,41,accept,2023-09-11T21:35:37,95,0,0
168,41,cmt,2023-09-12T20:22:48,95,26,166
229,41,cmt,2023-09-13T03:50:26,95,26,227
289,41,cmt,2023-09-13T11:24:38,95,26,296
372,41,cmt,2023-09-13T20:28:27,95,26,387
420,41,cmt,2023-09-14T01:38:05,95,26,443
508,41,cmt,2023-09-14T10:31:49,95,26,557
542,41,cmt,2023-09-14T13:53:15,95,26,597
577,41,cmt,2023-09-14T16:53:03,95,26,639
582,41,cmt,2023-09-14T17:10:39,95,26,645
630,41,cmt,2023-09-14T21:27:31,95,26,703
725,41,cmt,2023-09-15T05:51:08,95,26,815
884,41,cmt,2023-09-15T20:22:37,95,26,1009
942,41,cmt,2023-09-16T00:13:17,95,73,1074
1061,41,cmt,2023-09-16T09:46:05,95,73,1224
1080,41,cmt,2023-09-16T11:39:25,95,26,1244
1157,41,accept,2023-09-16T18:21:04,100,0,0
76,42,request,2023-09-12T05:47:19,96,0,0
523,42,cmt,2023-09-14T11:32:57,96,56,571
571,42,cmt,2023-09-14T15:53:29,96,60,628
647,42,cmt,2023-09-14T23:05:14,96,60,723
656,42,cmt,2023-09-14T23:45:49,96,60,735
662,42,cmt,2023-09-15T00:21:46,96,60,743
671,42,cmt,2023-09-15T01:08:33,96,60,752
680,42,cmt,2023-09-15T01:57:57,96,60,761
798,42,cmt,2023-09-15T13:19:00,96,56,910
871,42,cmt,2023-09-15T19:35:57,96,56,996
902,42,cmt,2023-09-15T21:42:01,96,56,1033
1044,42,accept,2023-09-16T08:29:31,73,0,0
1066,42,cmt,2023-09-16T10:11:07,73,60,1230
23,43,cmt,2023-09-11T19:04:05,46,12,25
50,43,cmt,2023-09-12T00:42:37,23,12,49
72,43,cmt,2023-09-12T05:07:44,85,12,71
100,43,cmt,2023-09-12T09:24:52,44,12,93
102,43,cmt,2023-09-12T09:54:17,17,12,96
150,43,cmt,2023-09-12T18:03:26,38,12,144
247,43,cmt,2023-09-13T06:30:41,97,12,247
287,43,cmt,2023-09-13T11:16:59,85,12,294
310,43,cmt,2023-09-13T14:14:16,76,12,316
361,43,cmt,2023-09-13T19:52:19,47,12,375
553,43,cmt,2023-09-14T14:54:57,27,12,615
614,43,cmt,2023-09-14T19:47:06,86,12,684
683,43,cmt,2023-09-15T02:27:40,97,12,766
882,43,cmt,2023-09-15T20:17:35,92,12,1007
904,43,request,2023-09-15T21:48:42,95,0,0
941,43,cmt,2023-09-16T00:09:11,95,12,1073
946,43,cmt,2023-09-16T00:21:14,95,12,1079
968,43,accept,2023-09-16T02:18:45,29,0,0
254,44,request,2023-09-13T07:30:35,66,0,0
549,44,cmt,2023-09-14T14:47:22,66,50,609
601,44,cmt,2023-09-14T18:31:53,66,50,668
734,44,cmt,2023-09-15T06:48:33,66,50,825
749,44,cmt,2023-09-15T08:11:59,66,50,847
792,44,cmt,2023-09-15T13:04:29,66,50,906
818,44,cmt,2023-09-15T15:09:15,66,50,931
863,44,cmt,2023-09-15T18:57:47,66,50,985
878,44,cmt,2023-09-15T19:52:09,66,50,1001
881,44,cmt,2023-09-15T20:16:21,66,50,1006
917,44,cmt,2023-09-15T22:21:10,66,50,1046
989,44,cmt,2023-09-16T04:01:22,66,50,1137
1007,44,cmt,2023-09-16T05:14:27,66,50,1156
1147,44,cmt,2023-09-16T18:01:38,66,50,1344
156,45,accept,2023-09-12T18:49:01,97,0,0
198,45,accept,2023-09-12T23:31:12,21,0,0
785,45,request,2023-09-15T12:51:56,63,0,0
1079,45,accept,2023-09-16T11:32:15,51,0,0
57,46,request,2023-09-12T02:48:38,66,0,0
80,47,request,2023-09-12T06:25:10,93,0,0
304,47,request,2023-09-13T13:47:05,44,0,0
39,48,request,2023-09-11T22:02:23,49,0,0
110,49,request,2023-09-12T11:05:15,30,0,0
307,49,request,2023-09-13T14:06:20,6,0,0
999,49,accept,2023-09-16T04:41:42,68,0,0
128,50,accept,2023-09-12T13:38:11,66,0,0
537,50,accept,2023-09-14T12:56:04,55,0,0
632,50,accept,2023-09-14T21:31:37,6,0,0
774,50,request,2023-09-15T11:22:12,72,0,0
343,51,request,2023-09-13T17:26:31,34,0,0
620,51,accept,2023-09-14T20:12:27,75,0,0
769,51,cmt,2023-09-15T10:26:47,34,69,873
787,51,cmt,2023-09-15T12:53:03,34,69,896
816,51,cmt,2023-09-15T14:58:53,34,69,927
864,51,cmt,2023-09-15T19:00:14,34,69,986
929,51,cmt,2023-09-15T23:08:50,75,69,1059
993,51,cmt,2023-09-16T04:19:45,75,69,1142
1030,51,cmt,2023-09-16T07:24:38,75,69,1186
1078,51,request,2023-09-16T11:32:15,45,0,0
1088,51,cmt,2023-09-16T12:23:12,45,69,1261
33,52,accept,2023-09-11T21:05:33,58,0,0
121,53,accept,2023-09-12T12:20:55,58,0,0
403,53,accept,2023-09-13T23:56:06,19,0,0
63,55,request,2023-09-12T03:48:53,80,0,0
536,55,request,2023-09-14T12:56:04,50,0,0
11,56,cmt,2023-09-11T15:28:40,48,13,12
41,56,cmt,2023-09-11T22:38:13,19,13,38
60,56,cmt,2023-09-12T03:28:56,98,13,62
143,56,cmt,2023-09-12T16:58:30,17,13,139
184,56,cmt,2023-09-12T22:13:18,66,13,180
194,56,cmt,2023-09-12T22:53:06,81,13,186
199,56,cmt,2023-09-12T23:36:39,97,13,191
205,56,cmt,2023-09-13T00:14:07,77,13,199
269,56,cmt,2023-09-13T09:05:20,10,13,273
333,56,cmt,2023-09-13T16:22:21,9,13,339
352,56,cmt,2023-09-13T18:44:52,98,13,361
463,56,cmt,2023-09-14T06:07:36,9,13,498
592,56,cmt,2023-09-14T17:49:55,14,13,653
765,56,cmt,2023-09-15T10:11:03,68,13,869
807,56,cmt,2023-09-15T14:08:42,29,13,922
831,56,cmt,2023-09-15T16:23:40,33,13,948
894,56,cmt,2023-09-15T21:06:55,6,13,1024
899,56,cmt,2023-09-15T21:27:43,85,13,1030
1037,56,cmt,2023-09-16T08:03:13,59,13,1196
1048,56,cmt,2023-09-16T08:51:29,46,13,1207
1087,56,cmt,2023-09-16T12:19:15,64,13,1258
1149,56,cmt,2023-09-16T18:06:27,12,13,1350
71,57,cmt,2023-09-12T05:00:25,69,22,70
87,57,cmt,2023-09-12T08:11:44,25,22,86
95,57,cmt,2023-09-12T09:05:42,65,22,89
96,57,cmt,2023-09-12T09:08:26,51,22,90
105,57,cmt,2023-09-12T10:03:27,30,22,100
106,57,cmt,2023-09-12T10:05:10,90,22,101
130,57,cmt,2023-09-12T13:58:06,32,22,120
139,57,cmt,2023-09-12T15:47:34,40,22,131
159,57,request,2023-09-12T19:25:56,58,0,0
192,57,cmt,2023-09-12T22:38:41,58,22,184
195,57,cmt,2023-09-12T22:54:07,58,22,187
204,57,cmt,2023-09-13T00:13:08,58,22,198
257,57,cmt,2023-09-13T07:41:47,58,22,257
320,57,cmt,2023-09-13T15:00:09,58,22,328
421,57,cmt,2023-09-14T01:48:19,58,22,446
487,57,cmt,2023-09-14T08:46:40,58,22,530
509,57,cmt,2023-09-14T10:33:22,58,22,558
682,57,cmt,2023-09-15T02:16:38,58,22,763
689,57,cmt,2023-09-15T02:43:59,58,22,772
690,57,cmt,2023-09-15T02:44:16,58,22,773
722,57,cmt,2023-09-15T05:30:54,58,22,811
836,57,cmt,2023-09-15T16:54:33,58,22,954
976,57,cmt,2023-09-16T03:05:03,58,22,1121
1031,57,cmt,2023-09-16T07:28:32,58,22,1187
1040,57,cmt,2023-09-16T08:14:29,58,22,1199
1051,57,cmt,2023-09-16T09:03:19,58,22,1210
1064,57,cmt,2023-09-16T09:54:57,58,22,1227
1077,57,cmt,2023-09-16T11:32:13,58,22,1243
32,58,request,2023-09-11T21:05:33,52,0,0
90,58,request,2023-09-12T08:51:09,85,0,0
120,58,request,2023-09-12T12:20:55,53,0,0
160,58,accept,2023-09-12T19:25:56,57,0,0
677,58,accept,2023-09-15T01:43:48,98,0,0
696,58,accept,2023-09-15T03:12:40,101,0,0
1098,58,cmt,2023-09-16T13:22:04,57,82,1280
1074,59,accept,2023-09-16T11:23:14,26,0,0
480,60,request,2023-09-14T07:44:23,7,0,0
1135,60,cmt,2023-09-16T17:02:39,39,89,1331
1163,60,cmt,2023-09-16T18:33:31,57,89,1361
305,61,request,2023-09-13T14:01:35,81,0,0
374,61,accept,2023-09-13T20:38:12,84,0,0
727,61,accept,2023-09-15T06:01:29,88,0,0
97,62,cmt,2023-09-12T09:10:38,81,19,91
104,62,cmt,2023-09-12T10:02:13,48,19,99
153,62,cmt,2023-09-12T18:20:41,69,19,149
211,62,cmt,2023-09-13T01:49:31,4,19,209
240,62,cmt,2023-09-13T05:21:52,60,19,239
245,62,cmt,2023-09-13T06:18:20,96,19,244
259,62,request,2023-09-13T07:56:02,94,0,0
338,62,cmt,2023-09-13T16:49:16,94,19,344
341,62,cmt,2023-09-13T17:13:07,94,19,349
360,62,request,2023-09-13T19:51:59,40,0,0
396,62,cmt,2023-09-13T23:10:54,94,19,417
445,62,cmt,2023-09-14T03:54:42,94,19,470
489,62,cmt,2023-09-14T08:59:32,94,19,534
520,62,cmt,2023-09-14T11:14:24,94,19,568
668,62,cmt,2023-09-15T01:03:53,94,61,751
744,62,cmt,2023-09-15T07:55:33,94,61,841
763,62,cmt,2023-09-15T09:58:18,94,19,867
768,62,cmt,2023-09-15T10:21:46,94,61,872
849,62,cmt,2023-09-15T17:44:39,94,19,967
1036,62,cmt,2023-09-16T07:57:22,94,61,1195
92,63,cmt,2023-09-12T08:55:24,45,23,88
131,63,request,2023-09-12T14:27:26,40,0,0
171,63,cmt,2023-09-12T20:41:03,40,23,169
176,63,cmt,2023-09-12T21:31:35,40,23,173
223,63,cmt,2023-09-13T03:15:58,40,23,220
315,63,cmt,2023-09-13T14:24:38,40,23,321
332,63,cmt,2023-09-13T16:18:57,40,23,338
428,63,request,2023-09-14T02:10:21,8,0,0
502,63,request,2023-09-14T09:56:04,18,0,0
512,63,cmt,2023-09-14T10:47:34,40,23,561
544,63,cmt,2023-09-14T14:03:00,40,23,599
581,63,cmt,2023-09-14T17:10:30,40,23,644
628,63,cmt,2023-09-14T21:13:55,40,23,699
687,63,cmt,2023-09-15T02:36:42,40,23,770
711,63,cmt,2023-09-15T04:17:26,40,23,795
732,63,cmt,2023-09-15T06:39:19,40,23,823
786,63,accept,2023-09-15T12:51:56,45,0,0
854,63,cmt,2023-09-15T18:05:30,45,23,977
858,63,cmt,2023-09-15T18:35:45,40,23,981
925,63,cmt,2023-09-15T22:56:01,45,23,1055
945,63,cmt,2023-09-16T00:20:32,40,23,1078
950,63,cmt,2023-09-16T00:56:05,45,23,1087
966,63,cmt,2023-09-16T02:17:12,40,23,1107
1022,63,cmt,2023-09-16T06:44:44,45,23,1176
1067,63,cmt,2023-09-16T10:31:26,40,23,1235
1069,63,cmt,2023-09-16T10:44:39,45,23,1239
1076,63,cmt,2023-09-16T11:31:21,40,23,1242
1110,63,cmt,2023-09-16T14:13:44,40,23,1294
1148,63,cmt,2023-09-16T18:04:12,45,23,1346
1162,63,cmt,2023-09-16T18:32:21,40,23,1360
357,64,cmt,2023-09-13T19:23:59,88,49,371
400,64,cmt,2023-09-13T23:31:21,82,49,421
404,64,cmt,2023-09-14T00:18:00,69,49,426
408,64,cmt,2023-09-14T00:29:58,37,49,431
452,64,cmt,2023-09-14T04:36:45,85,49,479
497,64,request,2023-09-14T09:29:07,92,0,0
498,64,cmt,2023-09-14T09:34:50,91,49,545
570,64,request,2023-09-14T15:51:16,73,0,0
580,64,cmt,2023-09-14T17:07:36,93,49,643
605,64,cmt,2023-09-14T19:01:45,74,49,672
635,64,cmt,2023-09-14T21:48:58,76,49,707
700,64,cmt,2023-09-15T03:27:29,74,49,781
736,64,cmt,2023-09-15T06:54:16,13,49,827
833,64,cmt,2023-09-15T16:33:35,24,49,950
893,64,cmt,2023-09-15T21:05:13,2,49,1023
1004,64,cmt,2023-09-16T05:01:41,56,49,1152
1083,64,cmt,2023-09-16T11:47:56,83,49,1249
1154,64,accept,2023-09-16T18:19:38,20,0,0
752,65,cmt,2023-09-15T08:26:15,100,70,851
781,65,cmt,2023-09-15T12:27:12,17,70,893
891,65,cmt,2023-09-15T20:43:22,4,70,1018
897,65,cmt,2023-09-15T21:22:59,97,70,1027
1143,65,cmt,2023-09-16T17:46:03,99,70,1340
43,66,request,2023-09-11T23:33:56,3,0,0
58,66,accept,2023-09-12T02:48:38,46,0,0
127,66,request,2023-09-12T13:38:11,50,0,0
157,66,cmt,2023-09-12T19:12:05,50,28,155
188,66,request,2023-09-12T22:37:32,75,0,0
225,66,cmt,2023-09-13T03:31:47,50,28,223
255,66,accept,2023-09-13T07:30:35,44,0,0
267,66,cmt,2023-09-13T08:55:49,3,28,270
268,66,cmt,2023-09-13T08:56:46,3,28,271
355,66,cmt,2023-09-13T19:03:13,75,28,367
378,66,cmt,2023-09-13T21:05:30,44,28,393
417,66,cmt,2023-09-14T01:20:49,50,28,440
447,66,cmt,2023-09-14T04:12:02,44,28,472
579,66,request,2023-09-14T16:59:05,79,0,0
585,66,cmt,2023-09-14T17:22:52,44,28,649
750,66,cmt,2023-09-15T08:14:12,44,28,849
760,66,cmt,2023-09-15T09:49:07,50,28,863
825,66,cmt,2023-09-15T16:12:37,50,28,943
859,66,cmt,2023-09-15T18:44:50,75,28,982
860,66,cmt,2023-09-15T18:47:18,3,28,983
927,66,cmt,2023-09-15T23:02:50,46,28,1057
955,66,cmt,2023-09-16T01:28:06,75,28,1093
972,66,cmt,2023-09-16T02:52:18,3,28,1115
984,66,cmt,2023-09-16T03:32:49,75,28,1131
1017,66,cmt,2023-09-16T06:27:35,50,28,1171
1120,66,cmt,2023-09-16T15:54:50,3,90,1311
1159,66,cmt,2023-09-16T18:26:26,3,90,1357
37,67,request,2023-09-11T21:48:50,83,0,0
527,67,request,2023-09-14T11:41:21,48,0,0
954,67,request,2023-09-16T01:26:53,46,0,0
31,68,cmt,2023-09-11T19:58:34,13,18,31
129,68,cmt,2023-09-12T13:52:35,20,18,119
136,68,cmt,2023-09-12T15:18:02,11,18,125
170,68,cmt,2023-09-12T20:35:47,41,18,168
174,68,cmt,2023-09-12T21:11:29,40,18,171
220,68,cmt,2023-09-13T02:46:48,82,18,217
258,68,cmt,2023-09-13T07:47:16,10,18,259
339,68,cmt,2023-09-13T17:02:45,73,18,346
340,68,cmt,2023-09-13T17:03:57,35,18,347
367,68,cmt,2023-09-13T20:13:00,50,18,383
384,68,cmt,2023-09-13T21:27:02,21,18,401
432,68,cmt,2023-09-14T02:52:04,35,18,459
449,68,cmt,2023-09-14T04:15:55,100,18,474
466,68,cmt,2023-09-14T06:42:32,34,18,501
472,68,cmt,2023-09-14T07:09:08,22,18,508
547,68,cmt,2023-09-14T14:30:47,26,18,605
648,68,cmt,2023-09-14T23:08:17,94,18,724
697,68,cmt,2023-09-15T03:13:37,16,18,778
699,68,cmt,2023-09-15T03:25:08,78,18,780
746,68,cmt,2023-09-15T08:01:30,84,18,844
805,68,cmt,2023-09-15T14:05:11,31,18,920
832,68,cmt,2023-09-15T16:32:38,23,18,949
845,68,cmt,2023-09-15T17:27:17,21,18,964
888,68,request,2023-09-15T20:33:47,36,0,0
930,68,cmt,2023-09-15T23:15:29,61,18,1061
949,68,cmt,2023-09-16T00:31:09,24,18,1084
992,68,cmt,2023-09-16T04:11:12,64,18,1140
998,68,request,2023-09-16T04:41:42,49,0,0
1028,68,cmt,2023-09-16T07:02:58,49,18,1183
1034,68,cmt,2023-09-16T07:51:17,49,18,1192
1112,68,cmt,2023-09-16T14:37:49,49,18,1297
808,69,request,2023-09-15T14:08:59,87,0,0
980,69,accept,2023-09-16T03:24:41,30,0,0
134,70,request,2023-09-12T14:45:56,61,0,0
665,70,accept,2023-09-15T00:33:09,10,0,0
1052,70,cmt,2023-09-16T09:04:06,10,79,1211
1142,70,cmt,2023-09-16T17:42:02,10,79,1339
931,71,cmt,2023-09-15T23:16:31,21,77,1062
952,71,cmt,2023-09-16T01:10:45,82,77,1090
1072,71,accept,2023-09-16T11:15:33,95,0,0
1115,71,cmt,2023-09-16T15:23:04,95,77,1304
603,72,cmt,2023-09-14T18:43:11,13,65,670
615,72,cmt,2023-09-14T19:54:06,67,65,685
659,72,cmt,2023-09-14T23:57:50,65,65,738
674,72,cmt,2023-09-15T01:32:41,67,65,757
806,72,cmt,2023-09-15T14:06:13,69,65,921
1032,72,cmt,2023-09-16T07:40:48,57,65,1190
1042,72,cmt,2023-09-16T08:27:08,56,65,1202
1095,72,cmt,2023-09-16T12:56:35,53,65,1274
219,73,cmt,2023-09-13T02:46:45,89,33,216
263,73,cmt,2023-09-13T08:13:19,99,33,264
342,73,request,2023-09-13T17:14:16,8,0,0
457,73,cmt,2023-09-14T05:20:24,25,33,488
471,73,cmt,2023-09-14T07:02:53,35,33,507
484,73,cmt,2023-09-14T08:33:26,1,33,527
522,73,cmt,2023-09-14T11:22:01,46,33,570
528,73,cmt,2023-09-14T11:55:53,66,33,577
701,73,cmt,2023-09-15T03:27:44,71,33,782
742,73,cmt,2023-09-15T07:38:32,65,33,837
841,73,cmt,2023-09-15T17:14:04,72,33,959
919,73,cmt,2023-09-15T22:32:13,43,33,1048
939,73,cmt,2023-09-15T23:59:25,18,33,1071
958,73,cmt,2023-09-16T01:46:03,16,33,1100
1043,73,request,2023-09-16T08:29:31,42,0,0
1082,73,cmt,2023-09-16T11:45:42,42,33,1247
1091,73,cmt,2023-09-16T12:40:21,42,33,1268
297,74,cmt,2023-09-13T12:48:45,38,43,304
299,74,cmt,2023-09-13T13:15:29,100,43,306
300,74,cmt,2023-09-13T13:17:58,66,43,307
365,74,cmt,2023-09-13T20:06:38,29,43,380
418,74,cmt,2023-09-14T01:26:03,7,43,441
437,74,cmt,2023-09-14T03:01:06,60,43,463
477,74,cmt,2023-09-14T07:30:17,88,43,514
494,74,cmt,2023-09-14T09:18:02,10,43,540
530,74,cmt,2023-09-14T11:57:40,61,43,579
735,74,cmt,2023-09-15T06:53:35,19,43,826
777,74,cmt,2023-09-15T11:42:08,38,43,885
1124,74,cmt,2023-09-16T16:01:59,61,43,1313
189,75,accept,2023-09-12T22:37:32,66,0,0
619,75,request,2023-09-14T20:12:27,51,0,0
1130,75,cmt,2023-09-16T16:48:07,51,84,1324
178,76,accept,2023-09-12T21:34:19,78,0,0
913,76,request,2023-09-15T22:12:11,5,0,0
295,77,cmt,2023-09-13T12:08:41,13,44,302
303,77,cmt,2023-09-13T13:26:41,89,44,310
370,77,cmt,2023-09-13T20:22:05,16,44,386
379,77,cmt,2023-09-13T21:15:36,74,44,395
407,77,cmt,2023-09-14T00:27:19,75,44,430
455,77,cmt,2023-09-14T05:13:13,77,44,485
503,77,cmt,2023-09-14T09:58:23,37,44,553
584,77,cmt,2023-09-14T17:22:31,3,44,648
588,77,cmt,2023-09-14T17:31:22,2,44,651
626,77,cmt,2023-09-14T21:08:28,91,44,697
636,77,cmt,2023-09-14T21:50:53,85,44,708
661,77,cmt,2023-09-15T00:10:37,25,44,740
743,77,cmt,2023-09-15T07:43:52,95,44,838
789,77,cmt,2023-09-15T12:57:15,56,44,900
803,77,cmt,2023-09-15T14:01:37,58,44,918
953,77,cmt,2023-09-16T01:26:26,67,44,1092
960,77,request,2023-09-16T01:53:47,37,0,0
982,77,cmt,2023-09-16T03:27:49,37,44,1126
1050,77,cmt,2023-09-16T09:02:32,37,44,1209
1103,77,cmt,2023-09-16T13:36:22,37,44,1284
1123,77,cmt,2023-09-16T15:59:20,37,44,1312
88,78,request,2023-09-12T08:33:50,97,0,0
177,78,request,2023-09-12T21:34:19,76,0,0
243,78,request,2023-09-13T06:12:04,40,0,0
435,78,accept,2023-09-14T02:53:00,21,0,0
611,78,cmt,2023-09-14T19:31:59,97,67,680
646,78,cmt,2023-09-14T22:58:37,40,67,722
718,78,cmt,2023-09-15T05:04:32,40,67,805
771,78,cmt,2023-09-15T10:45:44,40,67,876
773,78,cmt,2023-09-15T11:06:10,40,67,881
837,78,cmt,2023-09-15T16:57:00,40,67,955
857,78,cmt,2023-09-15T18:21:23,21,67,980
879,78,cmt,2023-09-15T20:04:49,40,67,1003
951,78,cmt,2023-09-16T01:07:28,76,67,1089
963,78,cmt,2023-09-16T02:05:16,97,67,1104
1060,78,cmt,2023-09-16T09:36:57,76,67,1221
442,79,request,2023-09-14T03:22:37,25,0,0
717,79,accept,2023-09-15T04:55:39,14,0,0
1151,79,request,2023-09-16T18:09:30,11,0,0
21,80,accept,2023-09-11T18:37:10,90,0,0
64,80,accept,2023-09-12T03:48:53,55,0,0
514,80,request,2023-09-14T10:58:37,100,0,0
1161,80,request,2023-09-16T18:31:47,5,0,0
216,81,accept,2023-09-13T02:14:19,91,0,0
306,81,accept,2023-09-13T14:01:35,61,0,0
828,81,accept,2023-09-15T16:14:56,34,0,0
921,81,accept,2023-09-15T22:34:45,33,0,0
1099,81,request,2023-09-16T13:22:39,15,0,0
279,83,request,2023-09-13T10:20:40,89,0,0
784,83,request,2023-09-15T12:49:30,6,0,0
68,84,accept,2023-09-12T04:22:56,1,0,0
373,84,request,2023-09-13T20:38:12,61,0,0
851,84,cmt,2023-09-15T17:50:03,1,75,970
876,84,cmt,2023-09-15T19:47:56,61,75,999
1045,84,cmt,2023-09-16T08:39:26,1,75,1204
91,85,accept,2023-09-12T08:51:09,58,0,0
337,85,accept,2023-09-13T16:45:32,89,0,0
462,85,cmt,2023-09-14T05:51:46,89,55,495
504,85,cmt,2023-09-14T09:58:25,89,55,554
513,85,cmt,2023-09-14T10:49:17,89,55,562
524,85,request,2023-09-14T11:33:44,3,0,0
532,85,cmt,2023-09-14T12:12:04,58,55,581
560,85,request,2023-09-14T15:06:06,38,0,0
609,85,cmt,2023-09-14T19:22:06,58,55,677
657,85,cmt,2023-09-14T23:50:31,38,55,736
684,85,cmt,2023-09-15T02:29:18,38,55,767
740,85,cmt,2023-09-15T07:24:09,38,55,833
747,85,cmt,2023-09-15T08:02:18,58,55,845
764,85,cmt,2023-09-15T10:10:31,38,55,868
823,85,cmt,2023-09-15T15:53:16,89,55,940
862,85,accept,2023-09-15T18:55:35,5,0,0
869,85,cmt,2023-09-15T19:32:30,89,55,993
957,85,cmt,2023-09-16T01:37:49,38,55,1097
962,85,cmt,2023-09-16T01:56:03,38,55,1102
282,86,cmt,2023-09-13T11:00:50,27,39,288
313,86,cmt,2023-09-13T14:21:52,31,39,319
351,86,cmt,2023-09-13T18:07:44,17,39,359
391,86,cmt,2023-09-13T22:36:58,77,39,411
444,86,cmt,2023-09-14T03:29:12,49,39,468
655,86,cmt,2023-09-14T23:43:46,70,39,734
704,86,cmt,2023-09-15T03:43:30,87,39,785
709,86,cmt,2023-09-15T04:14:05,68,39,792
838,86,request,2023-09-15T17:04:36,87,0,0
928,86,cmt,2023-09-15T23:04:32,87,39,1058
938,86,cmt,2023-09-15T23:47:36,87,39,1070
1011,86,request,2023-09-16T06:00:31,64,0,0
1015,86,cmt,2023-09-16T06:23:28,87,39,1169
1092,86,cmt,2023-09-16T12:51:18,87,39,1271
1105,86,cmt,2023-09-16T13:45:11,87,39,1287
1108,86,cmt,2023-09-16T13:57:34,87,39,1291
1164,86,cmt,2023-09-16T18:35:42,87,39,1362
182,87,cmt,2023-09-12T22:07:50,27,32,177
186,87,cmt,2023-09-12T22:29:46,36,32,182
200,87,cmt,2023-09-12T23:52:56,55,32,193
228,87,cmt,2023-09-13T03:36:51,39,32,226
238,87,cmt,2023-09-13T05:11:47,58,32,237
246,87,cmt,2023-09-13T06:24:20,29,32,245
252,87,cmt,2023-09-13T07:09:53,100,32,252
375,87,cmt,2023-09-13T20:41:14,59,32,390
505,87,request,2023-09-14T10:02:03,8,0,0
573,87,cmt,2023-09-14T16:36:48,8,32,632
598,87,cmt,2023-09-14T18:21:23,8,32,665
685,87,cmt,2023-09-15T02:33:36,8,32,768
731,87,cmt,2023-09-15T06:28:48,8,32,822
790,87,cmt,2023-09-15T12:58:44,8,32,902
809,87,accept,2023-09-15T14:08:59,69,0,0
814,87,cmt,2023-09-15T14:45:22,8,32,925
817,87,cmt,2023-09-15T15:06:54,8,32,930
839,87,accept,2023-09-15T17:04:36,86,0,0
936,87,cmt,2023-09-15T23:33:03,69,32,1068
985,87,cmt,2023-09-16T03:35:37,69,32,1132
1155,87,cmt,2023-09-16T18:20:25,86,32,1354
218,88,cmt,2023-09-13T02:42:46,55,30,214
222,88,cmt,2023-09-13T02:57:55,47,30,219
271,88,cmt,2023-09-13T09:13:13,27,30,275
278,88,cmt,2023-09-13T10:16:11,15,30,281
290,88,cmt,2023-09-13T11:26:17,55,30,297
316,88,cmt,2023-09-13T14:27:56,93,30,322
318,88,cmt,2023-09-13T14:37:28,30,30,326
326,88,cmt,2023-09-13T15:47:52,55,30,334
389,88,cmt,2023-09-13T22:00:12,51,30,407
546,88,cmt,2023-09-14T14:28:39,54,30,603
572,88,cmt,2023-09-14T16:13:39,21,30,629
593,88,cmt,2023-09-14T18:00:24,43,30,656
726,88,request,2023-09-15T06:01:29,61,0,0
738,88,cmt,2023-09-15T07:17:25,61,30,831
759,88,cmt,2023-09-15T09:31:23,61,30,861
799,88,cmt,2023-09-15T13:28:07,61,30,912
821,88,cmt,2023-09-15T15:43:56,61,30,937
1039,88,cmt,2023-09-16T08:13:37,61,30,1198
1136,88,cmt,2023-09-16T17:07:24,61,30,1332
14,89,request,2023-09-11T16:14:48,19,0,0
69,89,request,2023-09-12T04:27:31,9,0,0
126,89,accept,2023-09-12T13:24:22,12,0,0
280,89,accept,2023-09-13T10:20:40,83,0,0
292,89,cmt,2023-09-13T11:48:56,19,41,299
317,89,cmt,2023-09-13T14:33:39,83,41,324
336,89,request,2023-09-13T16:45:32,85,0,0
426,89,cmt,2023-09-14T02:08:11,19,41,452
436,89,cmt,2023-09-14T03:00:05,19,41,462
454,89,cmt,2023-09-14T05:04:46,83,41,483
459,89,cmt,2023-09-14T05:39:59,19,41,491
492,89,cmt,2023-09-14T09:10:28,19,41,537
539,89,cmt,2023-09-14T13:18:58,12,41,591
543,89,cmt,2023-09-14T13:53:19,85,41,598
641,89,cmt,2023-09-14T22:26:49,83,41,714
650,89,cmt,2023-09-14T23:23:32,83,41,727
812,89,accept,2023-09-15T14:42:05,99,0,0
824,89,cmt,2023-09-15T16:10:29,19,41,942
874,89,cmt,2023-09-15T19:42:46,99,41,997
924,89,cmt,2023-09-15T22:46:00,19,41,1053
995,89,cmt,2023-09-16T04:30:22,99,41,1145
996,89,cmt,2023-09-16T04:32:29,85,41,1146
1026,89,cmt,2023-09-16T06:51:43,83,41,1180
1063,89,accept,2023-09-16T09:54:54,103,0,0
3,90,cmt,2023-09-11T14:15:12,16,14,3
20,90,request,2023-09-11T18:37:10,80,0,0
46,90,cmt,2023-09-11T23:47:54,80,14,43
49,90,cmt,2023-09-12T00:08:19,80,14,46
55,90,cmt,2023-09-12T01:58:37,80,14,56
73,90,cmt,2023-09-12T05:15:38,80,14,72
85,90,cmt,2023-09-12T07:10:12,80,14,84
98,90,cmt,2023-09-12T09:16:07,80,14,92
201,90,cmt,2023-09-12T23:53:54,80,14,194
214,90,cmt,2023-09-13T02:05:57,80,14,210
274,90,cmt,2023-09-13T09:50:32,80,14,277
371,90,request,2023-09-13T20:26:11,18,0,0
430,90,cmt,2023-09-14T02:25:52,80,14,456
458,90,cmt,2023-09-14T05:31:32,80,14,489
511,90,cmt,2023-09-14T10:39:03,80,14,560
597,90,cmt,2023-09-14T18:20:27,80,14,664
649,90,cmt,2023-09-14T23:17:34,80,14,726
703,90,cmt,2023-09-15T03:42:18,80,14,784
714,90,cmt,2023-09-15T04:51:14,80,14,802
728,90,cmt,2023-09-15T06:17:16,80,14,819
745,90,cmt,2023-09-15T07:56:18,80,14,842
797,90,cmt,2023-09-15T13:18:43,80,74,909
842,90,cmt,2023-09-15T17:16:09,80,74,960
903,90,cmt,2023-09-15T21:46:34,80,74,1035
986,90,cmt,2023-09-16T03:37:39,80,74,1133
1025,90,cmt,2023-09-16T06:50:12,80,74,1179
1107,90,cmt,2023-09-16T13:56:22,80,14,1290
29,91,accept,2023-09-11T19:46:43,2,0,0
116,91,request,2023-09-12T11:52:39,25,0,0
215,91,request,2023-09-13T02:14:19,81,0,0
81,93,accept,2023-09-12T06:25:10,47,0,0
323,93,request,2023-09-13T15:41:13,34,0,0
555,93,request,2023-09-14T15:00:20,31,0,0
260,94,accept,2023-09-13T07:56:02,62,0,0
291,94,cmt,2023-09-13T11:43:49,62,34,298
327,94,cmt,2023-09-13T15:54:22,62,34,335
558,94,request,2023-09-14T15:02:14,97,0,0
780,94,cmt,2023-09-15T12:25:49,97,34,892
822,94,cmt,2023-09-15T15:48:47,62,34,938
910,94,cmt,2023-09-15T22:07:20,62,34,1040
1065,94,request,2023-09-16T10:08:46,93,0,0
1113,94,cmt,2023-09-16T14:46:37,62,34,1299
34,95,request,2023-09-11T21:35:37,41,0,0
231,95,cmt,2023-09-13T04:06:48,41,35,229
353,95,cmt,2023-09-13T18:53:03,41,35,362
386,95,cmt,2023-09-13T21:46:09,41,35,404
450,95,cmt,2023-09-14T04:17:29,41,35,475
475,95,cmt,2023-09-14T07:14:00,41,35,512
479,95,cmt,2023-09-14T07:37:46,41,35,517
500,95,cmt,2023-09-14T09:47:58,41,35,550
642,95,cmt,2023-09-14T22:29:28,41,35,715
720,95,cmt,2023-09-15T05:08:47,41,35,808
724,95,cmt,2023-09-15T05:47:29,41,35,814
905,95,accept,2023-09-15T21:48:42,43,0,0
915,95,cmt,2023-09-15T22:15:00,41,35,1044
916,95,cmt,2023-09-15T22:15:41,41,35,1045
1033,95,cmt,2023-09-16T07:46:22,41,35,1191
1071,95,request,2023-09-16T11:15:33,71,0,0
1137,95,cmt,2023-09-16T17:10:05,71,35,1333
77,96,accept,2023-09-12T05:47:19,42,0,0
99,96,request,2023-09-12T09:17:56,36,0,0
162,96,accept,2023-09-12T19:30:13,23,0,0
409,96,request,2023-09-14T00:41:59,6,0,0
1117,96,request,2023-09-16T15:26:48,10,0,0
89,97,accept,2023-09-12T08:33:50,78,0,0
155,97,request,2023-09-12T18:49:01,45,0,0
559,97,accept,2023-09-14T15:02:14,94,0,0
1132,97,cmt,2023-09-16T16:52:08,94,78,1326
1144,97,cmt,2023-09-16T17:48:18,94,78,1341
486,98,request,2023-09-14T08:43:21,76,0,0
676,98,request,2023-09-15T01:43:48,58,0,0
873,98,accept,2023-09-15T19:41:19,2,0,0
956,98,cmt,2023-09-16T01:33:53,2,81,1095
978,98,cmt,2023-09-16T03:16:50,58,81,1123
1010,98,cmt,2023-09-16T05:35:46,58,81,1161
1075,98,cmt,2023-09-16T11:27:31,2,81,1241
1089,98,cmt,2023-09-16T12:37:35,58,81,1266
1116,98,cmt,2023-09-16T15:25:33,2,81,1305
1122,98,accept,2023-09-16T15:55:43,17,0,0
811,99,request,2023-09-15T14:42:05,89,0,0
414,100,cmt,2023-09-14T01:07:43,6,52,437
515,100,accept,2023-09-14T10:58:37,80,0,0
521,100,cmt,2023-09-14T11:18:49,80,52,569
526,100,cmt,2023-09-14T11:39:08,80,52,573
533,100,cmt,2023-09-14T12:15:50,80,58,583
564,100,cmt,2023-09-14T15:23:12,80,58,621
607,100,cmt,2023-09-14T19:16:32,80,58,675
617,100,cmt,2023-09-14T20:09:24,80,52,687
623,100,cmt,2023-09-14T20:38:17,80,58,692
640,100,cmt,2023-09-14T22:14:54,80,58,712
672,100,cmt,2023-09-15T01:16:21,80,58,754
802,100,cmt,2023-09-15T13:52:23,80,58,916
840,100,cmt,2023-09-15T17:10:49,80,58,957
895,100,cmt,2023-09-15T21:11:21,80,58,1025
896,100,cmt,2023-09-15T21:21:17,80,52,1026
923,100,cmt,2023-09-15T22:43:13,80,58,1052
971,100,cmt,2023-09-16T02:49:06,80,52,1114
981,100,cmt,2023-09-16T03:25:51,80,52,1125
1090,100,cmt,2023-09-16T12:38:47,80,58,1267
1156,100,request,2023-09-16T18:21:04,41,0,0
695,101,request,2023-09-15T03:12:40,58,0,0
1019,103,request,2023-09-16T06:34:37,9,0,0
1062,103,request,2023-09-16T09:54:54,89,0,0
